,Alta LSTM,Baixa LSTM,Alta MM,Baixa MM
0,35.94016463405527,34.68935816394446,37.34000015258789,35.61133346557617
