,Compra param LSTM,Compra param MM,Venda param LSTM,Venda param MM,Compra mes LSTM,Compra mes MM,Venda mes LSTM,Venda mes MM
0,1.490103137692488,9.205666708946229,1.906948545186319,10.690666651725769,1.5731655508069156,8.628666706879933,3.092871805058678,10.385000093777974
